{"output":[{"explanation":"The brewery name should correspond to a specific city, but '21st Amendment Brewery' appears twice with different representations of the same city (San Francisco and San Francisco CA), causing ambiguity about its specific location.","index":4,"column":9,"annotation":1,"possible_repair":"San Francisco"},{"explanation":"The entry 'Angry Minnow Brewing Company' corresponds with 'Hayward' as well as 'Hayward WI', creating conflicting city representations for the same brewery name.","index":25,"column":9,"annotation":1,"possible_repair":"Hayward"},{"explanation":"The brewery 'Asheville Brewing Company' has two entries with different city representations: 'Asheville' and 'Asheville NC', leading to a conflict regarding its location.","index":36,"column":9,"annotation":1,"possible_repair":"Asheville"},{"explanation":"The brewery 'Bent Paddle Brewing Company' has 'Duluth' and 'Duluth MN' listed, which creates confusion over its specific location.","index":61,"column":9,"annotation":1,"possible_repair":"Duluth"},{"explanation":"The brewery 'Bomb Beer Company' shows 'New York' with additional entries having potentially different interpretations; city names must precisely match for each brewery to eliminate ambiguity.","index":90,"column":9,"annotation":1,"possible_repair":"New York"},{"explanation":"The entry 'Blue Hills Brewery' shows 'Canton MA', which is not consistent with the expected syntax for city names which should not abbreviate to include state codes in this context, indicating a violation.","index":81,"column":9,"annotation":1,"possible_repair":"Canton"},{"explanation":"The entry 'Denver CO' should be simply 'Denver' to match the brewery name's city entry as per the semantic dependency definition, which states that each brewery corresponds to its specific city.","index":102,"column":9,"annotation":1,"possible_repair":"Denver"},{"explanation":"The entry 'Tampa Bay FL' is incorrect since 'Brindle Dog Brewing Company' is associated with 'Tampa Bay' and not specifically 'Tampa Bay FL'. It violates the semantic dependency that requires exact matches between the brewery and city.","index":109,"column":9,"annotation":1,"possible_repair":"Tampa Bay"},{"explanation":"The entry 'Reno NV' should be corrected to 'Reno' to align with 'Buckbean Brewing Company', which only specifies 'Reno' as the city according to the dependency defined between the brewery and its city.","index":115,"column":9,"annotation":1,"possible_repair":"Reno"},{"explanation":"The entry 'Houston TX' is invalid for 'Buffalo Bayou Brewing Company', as the correct entry is simply 'Houston', thus violating the semantic dependency that connects the brewery with its specific city without state abbreviations.","index":118,"column":9,"annotation":1,"possible_repair":"Houston"},{"explanation":"The entry 'Oklahoma City OK' is incorrect as the brewery 'COOP Ale Works' is specifically linked to 'Oklahoma City' without any state abbreviations, which violates the dependency that requires precise city entries.","index":126,"column":9,"annotation":1,"possible_repair":"Oklahoma City"},{"explanation":"The entry 'San Luis Obispo CA' should be 'San Luis Obispo' as 'Central Coast Brewing Company' matches with just the city name, violating the defined semantic dependency that requires city specificity.","index":150,"column":9,"annotation":1,"possible_repair":"San Luis Obispo"},{"explanation":"The entry 'Charlottesville VA' is incorrect since 'Champion Brewing Company' should only map to 'Charlottesville', violating the semantic requirement for exact city listing with no state abbreviation inclusion.","index":152,"column":9,"annotation":1,"possible_repair":"Charlottesville"},{"explanation":"The entry 'Angola IN' is invalid as 'Chapman's Brewing' is linked only to 'Angola', violating the specific city dependency set by the brewery name.","index":154,"column":9,"annotation":1,"possible_repair":"Angola"},{"explanation":"The entry 'Tampa FL' does not match the brewery 'Cigar City Brewing Company', which should correspond solely to 'Tampa', violating the dependency that specifies exact city associations.","index":161,"column":9,"annotation":1,"possible_repair":"Tampa"},{"explanation":"The entry 'Portland' is associated with multiple breweries but verifying 'Coalition Brewing Company', it matches with 'Portland' and not any variations or additional descriptors, thus verifying a correct association and hence should be retained as valid, but any redundancy needs checking as duplicate extraction from the dataset.","index":164,"column":9,"annotation":0,"possible_repair":"Portland"},{"explanation":"Downeast Cider House should be in Maine, but it is listed as being in Leominster, which is incorrect.","index":202,"column":8,"annotation":1,"possible_repair":"Downeast Cider House, Maine"},{"explanation":"The city name Aurora should not be listed alongside Dry Dock Brewing Company, which operates from Littleton, CO.","index":203,"column":9,"annotation":1,"possible_repair":"Dry Dock Brewing Company, Littleton CO"},{"explanation":"Due South Brewing Company should be in Florida, not Boynton Beach, which is incorrect according to its operations.","index":204,"column":9,"annotation":1,"possible_repair":"Due South Brewing Company, Florida"},{"explanation":"Fort Pitt Brewing Company is incorrectly shown in Latrobe PA as it operates from Pittsburgh.","index":234,"column":9,"annotation":1,"possible_repair":"Fort Pitt Brewing Company, Pittsburgh"},{"explanation":"Geneva Lake Brewing Company should not have both Lake Geneva WI and Lake Geneva; choose one for consistency.","index":250,"column":9,"annotation":1,"possible_repair":"Geneva Lake Brewing Company, Lake Geneva"},{"explanation":"Portland OR is an error because it includes an invalid state abbreviation for the city \"Portland\", which is simply \"Portland\" without any state code in this context.","index":301,"column":9,"annotation":1,"possible_repair":"Portland"},{"explanation":"Framingham MA is an error because it includes an invalid state abbreviation for the city \"Framingham\", which is simply \"Framingham\" without any state code in this context.","index":312,"column":9,"annotation":1,"possible_repair":"Framingham"},{"explanation":"Houston TX is an error because it includes an invalid state abbreviation for the city \"Houston\", which is simply \"Houston\" without any state code in this context.","index":322,"column":9,"annotation":1,"possible_repair":"Houston"},{"explanation":"Soldotna AK is an error because it includes an invalid state abbreviation for the city \"Soldotna\", which is simply \"Soldotna\" without any state code in this context.","index":326,"column":9,"annotation":1,"possible_repair":"Soldotna"},{"explanation":"Brooklyn NY is an error because it includes an invalid state abbreviation for the city \"Brooklyn\", which is simply \"Brooklyn\" without any state code in this context.","index":324,"column":9,"annotation":1,"possible_repair":"Brooklyn"},{"explanation":"Helena MT is an error because it includes an invalid state abbreviation for the city \"Helena\", which is simply \"Helena\" without any state code in this context.","index":342,"column":9,"annotation":1,"possible_repair":"Helena"},{"explanation":"York PA is an error because it includes an invalid state abbreviation for the city \"York\", which is simply \"York\" without any state code in this context.","index":345,"column":9,"annotation":1,"possible_repair":"York"},{"explanation":"Cincinnati OH is an error because it includes an invalid state abbreviation for the city \"Cincinnati\", which is simply \"Cincinnati\" without any state code in this context.","index":359,"column":9,"annotation":1,"possible_repair":"Cincinnati"},{"explanation":"Utica NY is an error because it includes an invalid state abbreviation for the city \"Utica\", which is simply \"Utica\" without any state code in this context.","index":368,"column":9,"annotation":1,"possible_repair":"Utica"},{"explanation":"Monroe WI is an error because it includes an invalid state abbreviation for the city \"Monroe\", which is simply \"Monroe\" without any state code in this context.","index":384,"column":9,"annotation":1,"possible_repair":"Monroe"},{"explanation":"San Diego CA is an error because it includes an invalid state abbreviation for the city \"San Diego\", which is simply \"San Diego\" without any state code in this context.","index":385,"column":9,"annotation":1,"possible_repair":"San Diego"},{"explanation":"The city name 'Northamtpon' has a misspelling, which should be 'Northampton' for the brewery 'Northampton Brewery'.","index":418,"column":9,"annotation":1,"possible_repair":"Northampton"},{"explanation":"The city name 'Myrtle Beach SC' should only be 'Myrtle Beach' to correspond with the brewery 'New South Brewing Company'.","index":410,"column":9,"annotation":1,"possible_repair":"Myrtle Beach"},{"explanation":"The city name 'Longmont CO' contains a suffix indicating the state, which is unnecessary and inconsistent with the corresponding brewery 'Oskar Blues Brewery'.","index":432,"column":9,"annotation":1,"possible_repair":"Longmont"},{"explanation":"The city name 'Marietta GA' contains a suffix indicating the state, which is unnecessary and inconsistent with the corresponding brewery 'Red Hare Brewing Company'.","index":469,"column":9,"annotation":1,"possible_repair":"Marietta"},{"explanation":"The city name 'Dillon CO' contains a suffix indicating the state, which is unnecessary and inconsistent with the corresponding brewery 'Pug Ryan's Brewery'.","index":463,"column":9,"annotation":1,"possible_repair":"Dillon"},{"explanation":"The city name 'Export PA' contains a suffix indicating the state, which is unnecessary and inconsistent with the corresponding brewery 'Rivertown Brewing Company'.","index":487,"column":9,"annotation":1,"possible_repair":"Export"},{"explanation":"The city name 'Rochester MI' contains a suffix indicating the state, which is unnecessary and inconsistent with the corresponding brewery 'Rochester Mills Brewing Company'.","index":490,"column":9,"annotation":1,"possible_repair":"Rochester"},{"explanation":"The city name 'Lansdale PA' contains a suffix indicating the state, which is unnecessary and inconsistent with the corresponding brewery 'Round Guys Brewing'.","index":495,"column":9,"annotation":1,"possible_repair":"Lansdale"},{"explanation":"The city name 'Chandler AZ' contains a suffix indicating the state, which is unnecessary and inconsistent with the corresponding brewery 'SanTan Brewing Company'.","index":499,"column":9,"annotation":1,"possible_repair":"Chandler"},{"explanation":"City name 'Silverton OR' includes the state abbreviation which is not standard in the city column.","index":509,"column":9,"annotation":1,"possible_repair":"Silverton"},{"explanation":"City name 'Silverton' appears to correspond correctly with 'Seven Brides Brewery', but 'Silverton OR' is inconsistent.","index":510,"column":9,"annotation":1,"possible_repair":"Silverton"},{"explanation":"City name 'Brooklyn NY' includes the state abbreviation which is not standard in the city column.","index":520,"column":9,"annotation":1,"possible_repair":"Brooklyn"},{"explanation":"City name 'Durango CO' includes the state abbreviation which is not standard in the city column.","index":522,"column":9,"annotation":1,"possible_repair":"Durango"},{"explanation":"City name 'Pottstown PA' includes the state abbreviation which is not standard in the city column.","index":528,"column":9,"annotation":1,"possible_repair":"Pottstown"},{"explanation":"City name 'Boise ID' includes the state abbreviation which is not standard in the city column.","index":532,"column":9,"annotation":1,"possible_repair":"Boise"},{"explanation":"City name 'Conroe TX' includes the state abbreviation which is not standard in the city column.","index":538,"column":9,"annotation":1,"possible_repair":"Conroe"},{"explanation":"City name 'Indianapolis IN' includes the state abbreviation which is not standard in the city column.","index":559,"column":9,"annotation":1,"possible_repair":"Indianapolis"},{"explanation":"City name 'Evanston IL' includes the state abbreviation which is not standard in the city column.","index":574,"column":9,"annotation":1,"possible_repair":"Evanston"},{"explanation":"City name 'Waterbury VT' includes the state abbreviation which is not standard in the city column.","index":579,"column":9,"annotation":1,"possible_repair":"Waterbury"},{"explanation":"City name 'Kearney NE' includes the state abbreviation which is not standard in the city column.","index":596,"column":9,"annotation":1,"possible_repair":"Kearney"},{"explanation":"City name 'Evansville IN' includes the state abbreviation which is not standard in the city column.","index":598,"column":9,"annotation":1,"possible_repair":"Evansville"},{"explanation":"Idaho Springs CO is incorrect because the city is listed as 'Idaho Springs', and adding 'CO' violates the semantic dependency regarding the brewery's city.","index":601,"column":9,"annotation":1,"possible_repair":"Idaho Springs"},{"explanation":"Hershey PA is incorrect given that the brewery 'Tröegs Brewing Company' is associated with 'Hershey' only, without any state abbreviation.","index":606,"column":9,"annotation":1,"possible_repair":"Hershey"},{"explanation":"Santa Cruz CA is incorrect as the brewery 'Uncommon Brewers' is only associated with 'Santa Cruz', without a state abbreviation.","index":619,"column":9,"annotation":1,"possible_repair":"Santa Cruz"},{"explanation":"Boulder CO is incorrect as 'Upslope Brewing Company' should only be associated with 'Boulder', without a state abbreviation.","index":623,"column":9,"annotation":1,"possible_repair":"Boulder"},{"explanation":"Meadville PA is incorrect because the brewery 'Voodoo Brewery' is just associated with 'Meadville', without a state abbreviation.","index":629,"column":9,"annotation":1,"possible_repair":"Meadville"},{"explanation":"Nellysford VA is incorrect since 'Wild Wolf Brewing Company' should be associated with 'Nellysford' only, not including the state abbreviation.","index":643,"column":9,"annotation":1,"possible_repair":"Nellysford"},{"explanation":"Stevensville MT is incorrect given that 'Wildwood Brewing Company' is just linked to 'Stevensville', without the state abbreviation.","index":646,"column":9,"annotation":1,"possible_repair":"Stevensville"},{"explanation":"North Woodstock NH is incorrect because 'Woodstock Inn, Station & Brewery' should correspond only to 'North Woodstock', without the state abbreviation.","index":655,"column":9,"annotation":1,"possible_repair":"North Woodstock"}]}